S27vs21,S40vs21
A0A1U8Q2S7,A0A1U8Q2S7
A0A1U8BNR3,A0A1U8BNR3
A0A1U8B660,A0A1U8B660
A0A1U8A6M6,A0A1U8A6M6
A0A1U7ZVY9,A0A1U7ZVY9
A0A1U8Q3I0,A0A1U8Q3I0
A0A1U7Z625,A0A1U7Z625
A0A1U8A5T1,A0A1U8A5T1
A0A1U7YV03,A0A1U7YV03
A0A1U8A468,A0A1U8A468
A0A1U7ZRW8,A0A1U7ZRW8
A0A1U7ZCH9,A0A1U7ZCH9
A0A1U8BK19,A0A1U8A4L1
A0A1U8BCY5,A0A1U8BK19
A0A1U8QAU2,A0A1U8BJF5
A0A1U8BMS8,A0A1U8BCY5
A0A1U8BCE3,A0A1U7YVD6
A0A1U8B9Y6,A0A1U8QAU2
A0A1U7ZRG9,A0A1U8BMS8
A0A1U8QAD5,A0A1U8BCE3
A0A1U8BCI6,A0A1U8B9Y6
A0A1U8BJB0,A0A1U7ZRG9
A0A1U8BJ10,A0A1U8AZG4
A0A1U8B013,A0A1U8QAD5
A0A1U7ZA61,A0A1U8BCI6
A0A1U7ZTL0,A0A1U8BJB0
A0A1U7Z2T9,A0A1U8BJ10
A0A1U8APG8,A0A1U7ZA61
A0A1U7ZCI3,A0A1U7ZTL0
A0A1U7YPQ3,A0A1U7ZZ18
A0A1U8A1D4,A0A1U7Z2T9
A0A1U7ZYD0,A0A1U8APG8
A0A1U7Z4W7,A0A1U8A8Z1
A0A1U8AFZ9,A0A1U7ZCI3
A0A1U7Z9M7,A0A1U8BCN0
A0A1U8ACK5,A0A1U7YPQ3
A0A1U8Q0N6,A0A1U8A1D4
A0A1U8APY8,A0A1U7ZYD0
A0A1U8ANZ3,A0A1U7Z4W7
A0A1U7ZMX6,A0A1U8AFZ9
A0A1U7Z918,A0A1U7Z9M7
A0A1U7ZC33,A0A1U8ACK5
A0A1U8B243,A0A1U8Q0N6
A0A1U8AH10,A0A1U8APY8
A0A1U8APS2,A0A1U8B7I4
A0A1U8Q2B9,A0A1U8ANZ3
A0A1U8AVB8,A0A1U7ZMX6
A0A1U7ZNY9,A0A1U7Z918
A0A1U7Z4E1,A0A1U7YX07
A0A1U7ZD73,A0A1U7ZC33
A0A1U8AFZ4,A0A1U8BDJ4
A0A1U8BD61,A0A1U8B243
A0A1U8AMY4,A0A1U8AH10
A0A1U7Z5L9,A0A1U8APS2
A0A1U8Q237,A0A1U8Q2B9
A0A1U8BD39,A0A1U8QCL5
A0A1U8AXH0,A0A1U8AVB8
A0A1U8APM3,A0A1U7ZNY9
A0A1U7ZLS7,A0A1U7Z4E1
A0A1U8A8Y1,A0A1U8B9Z0
A0A1U7ZTW3,A0A1U7ZD73
A0A1U8AIH3,A0A1U8AFZ4
A0A1U8B579,A0A1U8BD61
A0A1U8AYS0,A0A1U8AMY4
A0A1U8AJN5,A0A1U7Z5L9
A0A1U8B311,A0A1U8Q237
A0A1U7ZLJ3,A0A1U8BD39
A0A1U8ASZ8,A0A1U8AXH0
A0A1U8B288,A0A1U7ZLS7
A0A1U7Z9Y7,A0A1U8A8Y1
A0A1U7ZJE8,A0A1U7ZTW3
A0A1U8AJZ6,A0A1U8AIH3
A0A1U8AY14,A0A1U7Z169
A0A1U8AB46,A0A1U7Z9R8
A0A1U7ZJF3,A0A1U7ZGS9
A0A1U8AEP4,A0A1U8B579
A0A1U7ZT88,A0A1U8AYS0
A0A1U7ZYK4,A0A1U8AJN5
A0A1U8A3E6,A0A1U8B311
A0A1U7ZPW7,A0A1U7ZLJ3
A0A1U7Z8B4,A0A1U8ASZ8
A0A1U7ZGX7,A0A1U8B288
A0A1U8AS68,A0A1U7Z9Y7
A0A1U7ZC42,A0A1U7ZJE8
A0A1U8AJK4,A0A1U8AKE4
A0A1U8AQK4,A0A1U8AJZ6
A0A1U8ALI0,A0A1U8AY14
A0A1U7ZD76,A0A1U8AB46
A0A1U7YSG3,A0A1U7ZJF3
A0A1U8A0H7,A0A1U8A4V0
A0A1U8B630,A0A1U8AEP4
A0A1U7ZPB4,A0A1U7ZT88
A0A1U7YQH8,A0A1U7ZYK4
A0A1U7ZMX0,A0A1U8AKX6
A0A1U8B9K0,A0A1U8A3E6
A0A1U8A3G1,A0A1U7ZPW7
A0A1U8AJM8,A0A1U7Z8B4
A0A1U7ZRD1,A0A1U7ZGX7
A0A1U7YU99,A0A1U7ZC42
A0A1U7YS00,A0A1U8B6I0
A0A1U7ZXD3,A0A1U8AJK4
A0A1U7ZDJ8,A0A1U8AQK4
A0A1U8B8U4,A0A1U8ALI0
A0A1U8A7Z4,A0A1U7ZD76
A0A1U8A842,A0A1U7YSG3
A0A1U7Z8V4,A0A1U8A0H7
A0A1U8ASS5,A0A1U8AXN0
A0A1U7ZL00,A0A1U8B630
A0A1U7ZYH8,A0A1U7ZPB4
A0A1U7ZNL6,A0A1U7YQH8
A0A1U8AUT3,A0A1U7ZMX0
A0A1U7YUK0,A0A1U8B9K0
A0A1U7ZLK4,A0A1U8A3G1
A0A1U7YWB3,A0A1U8AJM8
A0A1U8APT9,A0A1U7ZRD1
A0A1U8BA12,A0A1U7Z648
A0A1U7YX92,A0A1U8AWH0
A0A1U7Z050,A0A1U7YU99
A0A1U7ZAF4,A0A1U7YS00
A0A1U8ANK7,A0A1U7YU09
A0A1U7ZFY0,A0A1U7ZXD3
A0A1U8AY71,A0A1U7ZDJ8
A0A1U7ZZ46,A0A1U8B8U4
A0A1U8A2Z1,A0A1U8A7Z4
A0A1U8B498,A0A1U8A842
A0A1U7ZZT9,A0A1U8ASS5
A0A1U7ZAP4,A0A1U8AKE7
A0A1U7Z3E1,A0A1U7ZL00
A0A1U8Q9U6,A0A1U7ZYH8
A0A1U7ZPV5,A0A1U7ZNL6
A0A1U7ZRF4,A0A1U8AUT3
A0A1U7YZ03,A0A1U7YUK0
A3FPF7,A0A1U7ZLK4
A0A1U8ACU7,A0A1U7YWB3
A0A1U8ADE8,A0A1U8APT9
A0A1U7ZXC1,A0A1U8BA12
A0A1U8B5R3,A0A1U7YX92
A0A1U8AW84,A0A1U7Z050
A0A1U7YQ39,A0A1U7ZAF4
A0A1U7ZDQ4,A0A1U8ANK7
A0A1U8B3U2,A0A1U7ZFY0
A0A1U7YWY8,A0A1U8AY71
F6GPZ4,A0A1U7ZZ46
A0A1U8ADM2,A0A1U8A2Z1
A0A1U8AH73,A1E2A9
A0A1U7ZJI4,A0A1U8B498
A0A1U7Z622,A0A1U7ZZT9
A0A024AXY4,A0A1U7ZAP4
A0A1U7ZI28,A0A1U8A1U3
A0A1U8AF44,A0A1U8A804
A0A1U7YTP5,A0A1U7Z3E1
A0A1U8AGU3,A0A1U8Q9U6
A0A1U7Z4V8,A0A1U8ADL9
A0A1U8PZL2,A0A1U7ZPV5
A0A1U7ZF27,A0A1U7ZRF4
A0A1U7ZNZ6,A0A1U7YZ03
A0A1U8AK17,A3FPF7
A0A1U8BLR1,A0A1U8ACU7
A0A1U8Q326,A0A1U8ADE8
A0A1U8B0W4,A0A1U7ZXC1
A0A1U8A170,A0A1U8B5R3
A0A1U8A4S0,A0A1U7ZD01
A0A1U8B980,A0A1U8AW84
A0A1U8B5L3,A0A1U7YQ39
A0A1U7Z1U2,A0A1U7ZDQ4
A0A1U8AAE3,A0A1U8B3U2
A0A1U8BJ22,A0A1U8AYX1
A0A1U8AJY5,F6GPZ4
A0A1U8BLL7,A0A1U8AIP2
A0A1U8B935,A0A1U8ADM2
A0A1U7Z1M5,A0A1U8AH73
A0A1U8AJ62,A0A1U7ZJI4
A0A1U8AHW2,A0A1U7Z622
A0A1U8AGB9,A0A1U8ABM6
A0A1U8A4U4,A0A1U7ZVN1
A0A1U8Q6Q8,A0A024AXY4
A0A1U7ZCZ5,A0A1U7ZI28
A0A1U7Z7K7,A0A1U8AF44
A0A1U7ZHR9,A0A1U7YTP5
A0A1U7Z8A9,A0A1U8AGU3
A0A1U7ZLG3,A0A1U7Z4V8
A0A1U8AHQ9,A0A1U8PZL2
A0A1U8ANH3,A0A1U8AVF4
A0A1U8A4A0,A0A1U7ZF27
A0A1U7ZAV2,A0A1U7ZNZ6
A0A1U8BBN6,A0A1U7ZZ17
A0A1U8AEH0,A0A1U8AK17
A0A1U7ZYE3,A0A1U8BLR1
A0A1U8BDP4,A0A1U7Z957
A0A1U7Z9I8,A0A1U8Q326
A0A1U7ZBG4,A0A1U8B0W4
A0A1U8BD18,A0A1U8A4S0
D3WC68,A0A1U8B980
A0A1U7ZN72,A0A1U8B5L3
A0A1U7ZQE1,A0A1U7Z1U2
A0A1U8BAL0,A0A1U8AAE3
A0A1U7Z5K0,A0A1U8BJ22
A0A1U7ZNS3,A0A1U8AJY5
A0A1U7ZT50,A0A1U8BLL7
A0A1U8A6J6,A0A1U8B935
A0A1U8BD37,A0A1U7Z1M5
A0A1U7ZAX8,A0A1U8AJ62
A0A1U7ZIQ5,A0A1U8AHW2
A0A1U7Z4P5,A0A1U8AGB9
A0A1U7ZSE4,A0A1U8A4U4
A0A1U8BDD5,A0A1U8Q6Q8
A0A1U8BC58,A0A1U7ZCZ5
A0A1U7YW07,A0A1U8Q3X2
A0A1U8BMU4,A0A1U7Z7K7
A0A1U7ZKS6,A0A1U7ZHR9
A0A1U7ZKA9,A0A1U7ZLG3
A0A1U8A0U8,A0A1U8AHQ9
A0A1U8B461,A0A1U7ZP57
A0A1U8AKH3,A0A1U8ANH3
A0A1U7ZDA2,A0A1U8AT37
A0A1U8A6G9,A0A1U8A4A0
A0A1U8ANZ8,A0A1U7ZAV2
A0A1U8BLQ1,A0A1U8BBN6
D3WC70,A0A1U8AEH0
A0A1U8AKL4,A0A1U7ZYE3
A0A1U8AJP1,A0A1U8BDP4
A0A1U7Z131,A0A1U7Z9I8
A0A1U8Q8U3,A0A1U7ZBG4
A0A1U8AY30,A0A1U7Z7Z1
A0A1U7YW34,A0A1U8BD18
A0A1U8BET4,D3WC68
A0A1U8AT77,A0A1U7ZN72
A0A1U7ZDC5,A0A1U7ZQE1
A0A1U7ZX80,A0A1U8BAL0
A0A1U7ZHQ7,A0A1U7Z5K0
A0A1U7Z9S2,A0A1U7ZNS3
A0A1U8B354,A0A1U7ZT50
A0A1U8B3F0,A0A1U8A6J6
A0A1U8B847,A0A1U8BD37
A0A1U8AWM2,A0A1U7ZAX8
A0A1U8AKU2,A0A1U7ZIQ5
A0A1U8AAW1,A0A1U7Z4P5
A0A1U8AZM9,A0A1U7ZSE4
A0A1U7ZPZ8,A0A1U8BDD5
A0A1U8A6U6,A0A1U8BC58
A0A1U7Z8H2,A0A1U7YW07
A0A1U8ABI8,A0A1U7ZZB6
A0A1U8BCZ6,A0A1U8BMU4
A0A1U7ZSR3,A0A1U7ZKS6
A0A1U7Z4F3,A0A1U7ZUI6
A0A1U7Z1Q8,A0A1U8A0U8
A0A1U8AFK0,A0A1U8B461
A0A1U7YZC7,A0A1U8AKH3
A0A1U7ZHC7,A0A1U7ZDA2
A0A1U7YTA5,A0A1U8A6G9
A0A1U8AB93,A0A1U8ANZ8
A0A1U7ZST6,A0A1U8BLQ1
A0A1U8A1F4,D3WC70
A0A1U7ZZ71,A0A1U8AKL4
A0A1U7YN36,A0A1U8AJP1
C0KH22,A0A1U7Z131
A0A1U7ZAR5,A0A1U8Q8U3
A0A1U8A4Q6,A0A1U8AT08
D3WC67,A0A1U8A593
A0A1U8BI84,A0A1U7ZDR3
A0A1U8AU76,A0A1U8AY30
A0A1U8AFN4,A0A1U7YW34
A0A1U8BGC3,A0A1U8BET4
A0A1U8B9X9,A0A1U8B2H4
A0A1U8B9W0,A0A1U8AT77
A0A1U8AH75,A0A1U8BN35
A0A1U8BF34,A0A1U7ZDC5
A0A1U8APR5,A0A1U7ZW84
A0A1U7YQJ7,A0A1U7ZX80
S4WLS1,A0A1U7ZHQ7
A0A1U8A5B6,A0A1U7Z9S2
A0A1U8AHR5,A0A1U8B354
A0A1U8AI91,A0A1U8B3F0
A0A1U8AXP3,A0A1U8B847
A0A1U8AFQ3,A0A1U8AWM2
A0A1U8AX19,A0A1U8AKU2
A0A1U8B0A5,A0A1U8AAW1
A0A1U8B1L0,A0A1U7ZPZ8
A0A1U7ZPV1,A0A1U7ZQW7
A0A1U8AZ68,A0A1U7ZCZ7
A0A1U8BFV4,A0A1U8A6U6
A0A1U7ZZU6,A0A1U8B9H6
A0A1U8Q4V5,A0A1U7Z8H2
A0A1U7ZXW7,A0A1U8A5H4
A0A1U8AR21,A0A1U8ABI8
A0A1U8A5S1,A0A1U8BCZ6
A0A1U7ZID1,A0A1U7ZSR3
A0A1U8B5J4,A0A1U7Z4F3
A0A1U8BF44,A0A1U7Z1Q8
A0A1U8AT57,A0A1U7ZRZ1
A0A1U8B4Q5,A0A1U8ARR4
A0A1U7ZTQ2,A0A1U7Z5I6
A0A1U8Q670,A0A1U8AFK0
A0A1U8ATJ2,A0A1U7YZC7
A0A1U8AH20,A0A1U7ZHC7
A0A1U8BQF2,A0A1U7YTA5
A0A1U8AI41,A0A1U7ZBZ6
A0A1U8BFQ6,A0A1U7ZST6
A0A1U8Q8M5,A0A1U8A1F4
A0A1U8BPX8,A0A1U7ZHY9
A0A1U8AVM9,A0A1U7ZZ71
A0A1U7Z8H7,A0A1U7YML4
A0A1U7ZPE9,A0A1U7YN36
A0A1U8B053,A0A1U7ZAR5
A0A1U7ZAG3,A0A1U8A4Q6
A0A1U8B5X2,D3WC67
A0A1U8B238,A0A1U8BI84
A0A1U8B8N0,A0A1U8AU76
A0A1U8B339,A0A1U8AFN4
A0A1U7ZGA6,A0A1U8BGC3
A0A1U8AEN1,A0A1U8B9X9
A0A1U8AXQ0,A0A1U8B9W0
A0A1U8BCB0,A0A1U8AH75
A0A1U7YP31,A0A1U8AKW0
A0A1U7Z865,A0A1U8BF34
A0A1U8B5G4,A0A1U8APR5
A0A1U7Z4J0,A0A1U7Z3G6
A0A1U8ATG2,A0A1U7YQJ7
A0A1U8AN06,A0A1U7Z939
A0A1U8A1I2,S4WLS1
A0A1U8AJA5,A0A1U8A5B6
A0A1U8A906,A0A1U8AHR5
A0A1U8AGL0,A0A1U8AHW4
A0A1U7ZLG5,A0A1U8AI91
A0A1U8AJY8,A0A1U8AFQ3
A0A1U8A184,A0A1U8AHF7
A0A1U7YW75,A0A1U8AX19
A0A1U8BFL2,A0A1U7Z1C0
A0A1U7Z816,A0A1U7ZZR4
A0A1U8B2F0,A0A1U8B0A5
A0A1U8AJN1,A0A1U7ZGL7
A0A1U8BQM5,A0A1U8B1L0
A0A1U8B6M1,A0A1U7ZYB6
A0A1U8A062,A0A1U7ZPV1
A0A1U7YZW5,A0A1U8AZ68
A0A1U8AFP0,A0A1U8BFV4
A0A1U7ZRR9,A0A1U7ZZU6
A0A1U7Z263,A0A1U8Q4V5
A0A1U7YQY5,A0A1U7ZXW7
A0A1U7ZHR7,A0A1U8AR21
A0A1U8AXG2,A0A1U8A5S1
A0A1U7ZDJ3,A0A1U8BCY6
A0A1U8B1L7,A0A1U7ZID1
A0A1U8ABK0,A0A1U8B5J4
A0A1U8AV83,A0A1U7YYX2
A0A1U8B791,A0A1U8BF44
A0A1U8AXD7,A0A1U8AT57
A0A1U7ZQX9,A0A1U8B4Q5
A0A1U8AU63,A0A1U8AQJ4
A0A1U8BBX8,A0A1U7ZTQ2
A0A1U7YYJ7,A0A1U8Q670
A0A1U8AT24,A0A1U7ZPG1
A0A1U7ZEG8,A0A1U8ATJ2
A0A1U7ZXP0,A0A1U8AI41
A0A1U8AJN4,A0A1U8AB22
A0A1U7Z407,A0A1U8BFQ6
A0A1U8Q7I0,A0A1U8A5J4
A0A1U7ZIV8,A0A1U8Q8M5
A0A1U8A9H9,A0A1U8BPX8
A0A1U8BCK9,A0A1U8AVM9
A0A1U8AYP2,A0A1U7Z8H7
A0A1U7ZHU5,A0A1U7ZPE9
A0A1U7YU51,A0A1U8B053
A0A1U8Q137,A0A1U7ZAG3
A0A1U7ZMT9,A0A1U8B5X2
A0A1U8PZR5,A0A1U8B8N0
A0A1U8AGV4,A0A1U8B339
A0A1U7Z3M3,A0A1U8ANM0
A0A1U8AG76,A0A1U7ZGA6
A0A1U7YV24,A0A1U8AWQ9
A0A1U8Q3Y8,A0A1U7ZST3
A0A1U8B5Z3,A0A1U7ZNV4
A0A1U7ZIW8,A0A1U7Z126
A0A1U7ZLM5,A0A1U7ZQ11
A0A1U8AYU8,A0A1U8AEN1
A0A1U7ZMY5,A0A1U8AFD1
A0A1U7ZK95,A0A1U8AXQ0
A0A1U7ZYM7,A0A1U8BCB0
A0A1U8A7X8,A0A1U7ZYR3
A0A1U7ZN93,A0A1U7YP31
A0A1U8AYI3,A0A1U8B6F0
A0A1U8AUS8,A0A1U7Z865
D3WC73,A0A1U8B5G4
A0A1U7ZL22,A0A1U7Z4J0
A0A1U7ZYU7,A0A1U8ATG2
A0A1U7ZCU0,A0A1U8A1I2
A0A1U8B6T7,A0A1U8AJA5
A0A1U7ZF15,A0A1U8AXJ1
A0A1U7ZUJ5,A0A1U8A906
A0A1U7ZET9,A0A1U8AGL0
A0A1U8A1N9,A0A1U7ZLG5
A0A1U8BKI6,A0A1U8AJY8
A0A1U7YSH3,A0A1U7YW75
A0A1U8AVR9,A0A1U8BFL2
A0A1U8AZ11,A0A1U7ZCX8
A0A1U8AFM2,A0A1U7Z816
A0A1U7YTG8,A0A1U8B2F0
A0A1U8ANX9,A0A1U8AJN1
A0A1U8BAG5,A0A1U8BQM5
A0A1U8A8Y0,A0A1U8B6M1
A0A1U8AXH1,A0A1U8A062
A0A1U8A3C6,A0A1U7YZW5
A0A1U8AEN4,A0A1U8AFP0
D3WC71,A0A1U7Z263
A0A1U8AZH5,A0A1U7YQY5
A0A1U8AB26,A0A1U7ZHR7
D3WC62,A0A1U7ZDJ3
A0A1U7ZS87,A0A1U8B1L7
A0A1U8A4N8,A0A1U8ABK0
A0A1U8B0A0,A0A1U8AV83
A0A1U7YXQ5,A0A1U8B791
A0A1U8B5W7,A0A1U8B183
A0A1U8AXU3,A0A1U7ZKJ3
A0A1U8BBV9,A0A1U8AH25
A0A1U8AEY9,A0A1U8AXD7
A0A1U8B3I6,A0A1U7ZQX9
A0A1U8BP19,A0A1U8AU63
A0A1U8AUM1,A0A1U8BBX8
A0A1U8BBN3,A0A1U7ZWW2
A0A1U7ZCS3,A0A1U8AT24
A0A1U7ZYR1,A0A1U7ZGN8
A0A1U7ZG06,A0A1U8ALH8
A0A1U8AUZ8,A0A1U7ZEG8
A0A1U7ZL82,A0A1U7ZXP0
A0A1U7Z090,A0A1U7Z407
A0A1U8A1K2,A0A1U8Q7I0
A0A1U8ARE2,A0A1U7ZIV8
A0A1U8B1Z3,A0A1U8A9H9
A0A1U7YSE2,A0A1U8Q6F3
A0A1U8B231,A0A1U8AYP2
A0A1U7Z8J0,A0A1U8A0K6
A0A1U7Z1K0,A0A1U8B646
A0A1U8BPL0,A0A1U7YU51
A0A1U8B8Q0,A0A1U8AYM6
A0A1U8AWM4,A0A1U8Q137
A0A1U8AAR7,A0A1U7ZMT9
A0A1U8A581,A0A1U8B9D2
A0A1U8A539,A0A1U7ZZ80
A0A1U8ACP8,A0A1U8PZR5
A0A1U7ZEF0,A0A1U8AGV4
A0A1U8BFB8,A0A1U8AXX9
A0A1U8BBR2,A0A1U7Z3M3
A0A1U8AXW8,A0A1U8AG76
A0A1U7ZY13,A0A1U7YV24
D3WC63,A0A1U8Q3Y8
A0A1U7ZLI3,A0A1U8B5Z3
A0A1U7Z3D8,A0A1U7ZIW8
A0A1U7YV10,A0A1U8AXB3
A0A1U7Z389,A0A1U8AXX4
A0A1U7YUN5,A0A1U8ARQ6
A0A1U7YZ78,A0A1U7ZLM5
A0A1U8BDN7,A0A1U8AYU8
A0A1U8AN68,A0A1U7ZMY5
A0A1U7ZHJ7,A0A1U7ZK95
A0A1U8A3J6,A0A1U7ZYM7
A0A1U8A4U2,A0A1U8B7X0
A0A1U8B8S9,A0A1U7ZN93
A0A1U8B427,A0A1U8AYI3
A0A1U8Q5K1,A0A1U8A8W9
A0A1U8AYY8,D3WC73
A0A1U7Z5S2,A0A1U7ZL22
A0A1U8AZ42,A0A1U7ZYU7
A0A1U8ALL1,A0A1U8A1N0
A0A1U8AVA6,A0A1U7ZUC9
A0A1U7ZMQ8,A0A1U7ZCU0
A0A1U7ZCQ6,A0A1U8B6T7
A0A1U8AGY8,A0A1U7ZEM1
A0A1U8Q7B5,A0A1U7ZF15
A0A1U8AUF8,A0A1U8ATR3
A0A1U8AF23,A0A1U7ZUJ5
A0A1U7ZKG4,A0A1U7ZET9
A0A1U8ANI0,A0A1U8A1N9
A0A1U8B529,A0A1U7YSH3
A0A1U8AHP1,A0A1U8AVR9
A0A1U8ADI6,A0A1U7Z4F5
A0A1U8BDW1,A0A1U8ANS4
A0A1U8B6A3,A0A1U8AZ11
A0A1U7Z2Z2,A0A1U7YTG8
A0A1U7Z8D2,A0A1U8ANX9
A0A1U8B0L6,A0A1U8B6M0
A0A1U8AGS5,A0A1U8AAJ0
A0A1U7ZBT0,A0A1U8BAG5
A0A1U8ARI6,A0A1U8A8Y0
A0A1U8A8M7,A0A1U8AXH1
A0A1U8AAK4,A0A1U8A3C6
A0A1U8AJG4,A0A1U8AEN4
A0A1U7Z0R5,A0A1U8BBA4
A0A1U7YYP6,D3WC71
A0A1U8B7B0,A0A1U8B363
A0A1U8B0H3,A0A1U8AB26
A0A1U8A662,A0A1U8BE95
A0A1U7YVF7,D3WC62
A0A1U7ZE37,A0A1U7ZS87
A0A1U7Z9C4,A0A1U7ZFJ8
A0A1U7Z9P3,A0A1U8A4N8
A0A1U8AG31,A0A1U7YXQ5
A0A1U8AMM7,A0A1U8A8Q7
A0A1U8BC75,A0A1U8AXU3
A0A1U8BAU4,A0A1U8BBV9
A0A1U8BK21,A0A1U8AEY9
A0A1U8A540,A0A1U8B3I6
A0A1U7ZFD4,A0A1U7Z987
A0A1U7Z167,A0A1U8ARZ3
A0A1U7ZRS3,A0A1U8BBN3
A0A1U8B9S9,A0A1U7ZCS3
A0A1U7ZXJ8,A0A1U7ZYR1
A0A1U8A2U8,A0A1U7ZQ53
A0A1U7ZAQ4,A0A1U7ZG06
A0A1U8B840,A0A1U8AUZ8
A0A1U7ZC87,A0A1U7ZL82
A0A1U7ZRD0,A0A1U7Z090
A0A1U8AQA8,A0A1U8A1K2
A0A1U7ZAN8,A0A1U8ARE2
A0A1U8AHV0,A0A1U8ASK9
A0A1U8B625,A0A1U8B231
A0A1U8BBK2,A0A1U8BA90
A0A1U8AVA3,A0A1U7ZBS8
A0A1U8AMH8,A0A1U7Z8J0
A0A1U8B6A6,A0A1U7Z1K0
A0A1U8Q6H8,A0A1U8BPL0
A0A1U7ZWE5,A0A1U8B8Q0
A0A1U8B5D6,A0A1U8AV74
A0A1U8BFK4,A0A1U8AWM4
A0A1U8PYI7,A0A1U8BQJ7
A0A1U8A4R0,A0A1U7YZ52
A0A1U8ACT4,A0A1U8AAR7
A0A1U8B1X8,A0A1U8A581
A0A1U8B7A6,A0A1U8A539
A0A1U8BAV9,A0A1U7ZI67
A0A1U8BD31,A0A1U8ACP8
A0A1U7ZKY2,A0A1U7ZEF0
A0A1U7ZTL4,A0A1U7YY63
A0A1U7ZLU2,A0A1U8BFB8
A0A1U8B3B7,A0A1U8BBR2
A0A1U7ZX88,A0A1U8AXW8
A0A1U8AAY3,A0A1U7ZY13
A0A1U8BBP5,A0A1U7ZI10
A0A1U7ZAP6,D3WC63
A0A1U8A5W6,A0A1U7ZLI3
A0A1U8AXC8,A0A1U7Z3D8
A0A1U7ZST0,A0A1U7YV10
A0A1U7Z4A1,A0A1U7Z389
A0A1U8BD50,A0A1U7ZTI7
A0A1U8A7A2,A0A1U8AQ79
A0A1U8ANN6,A0A1U7YUN5
A0A1U8AR66,A0A1U8AUU9
A0A1U8Q8Y3,A0A1U7YZ78
A0A1U8BDS6,A0A1U8BDN7
A0A1U7ZLW5,A0A1U8AN68
A0A1U8BAI4,A0A1U7ZHJ7
A0A1U8APX3,A0A1U7ZBR3
A0A1U7ZLF0,A0A1U7Z308
A0A1U8BBZ0,A0A1U8A3J6
A0A1U7ZG65,A0A1U8A4U2
A0A1U7ZR86,A0A1U8B8S9
A0A1U8B4Q2,A0A1U8B427
A0A1U7ZTD9,A0A1U8Q5K1
A0A1U7ZKM7,A0A1U8AYY8
A0A1U8BDR5,A0A1U8A166
A0A1U7ZWZ5,A0A1U7Z5S2
A0A1U8BAV1,A0A1U8AZ42
A0A1U8AT56,A0A1U8ALL1
A0A1U7Z463,A0A1U8AVA6
A0A1U7ZDV9,A0A1U7ZMQ8
A0A1U8A086,A0A1U7ZTQ1
A0A1U7ZQY0,A0A1U7ZCQ6
D3WCA0,A0A1U8Q8P7
A0A1U8B4B8,A0A1U7YYQ4
A0A1U8Q6Q0,A0A1U8B9C7
A0A1U7ZQR9,A0A1U8Q7B5
A0A1U8AP30,A0A1U8AUF8
A0A1U8B392,A0A1U8A946
A0A1U8Q685,A0A1U8BCK8
A0A1U8B073,A0A1U8AF23
A0A1U8BL93,A0A1U8ANI0
A0A1U7YXJ6,A0A1U7Z6D4
A0A1U8AX41,A0A1U7Z176
A0A1U7ZNF2,A0A1U8A9J6
A0A1U7ZHL0,A0A1U8AX96
A0A1U8A2F0,A0A1U8BLF8
A0A1U7YXT5,A0A1U8B529
A0A1U7ZA44,A0A1U8AHP1
A0A1U8AQ32,A0A1U8AF83
A0A1U8QBH9,A0A1U8ADI6
A0A1U8AUJ2,A0A1U8BDW1
A0A1U8AZY8,A0A1U8B6A3
A0A1U8B9X3,A0A1U7Z2Z2
A0A1U8BKH5,A0A1U7Z8D2
A0A1U7ZV38,A0A1U8AGS5
A0A1U8A3P7,A0A1U7ZVU1
A0A1U7ZNB4,A0A1U8B718
A0A1U8AMJ6,A0A1U7ZBT0
A0A1U8AMU2,A0A1U8ARI6
A0A1U7Z6J9,A0A1U7ZXE4
A0A1U8A294,A0A1U8A8M7
A0A1U7YZX0,A0A1U8AAK4
A0A1U8B7Q1,A0A1U8B0V5
A0A1U8A6R8,A0A1U8AJG4
A0A1U8B8R0,A0A1U7Z0R5
A0A1U7ZY95,A0A1U7YYP6
A0A1U8BP11,A0A1U8BGC8
A0A1U8AUE0,A0A1U8B0H3
A0A1U8BCK5,A0A1U8AEC1
A0A1U8A3R2,A0A1U7Z3Y7
A0A1U7ZLU9,A0A1U7ZRL5
A0A1U8BDJ3,A0A1U7ZE37
A0A1U7ZYF1,A0A1U8A3E9
A0A1U7Z555,A0A1U7Z9C4
A0A1U7ZYR5,A0A1U7ZAN3
A0A1U7YVS8,A0A1U8A454
A0A1U8BDR2,A0A1U7Z9P3
A0A1U7YR69,A0A1U8AG31
A0A1U7YW63,A0A1U8AMM7
A0A1U8ATI1,A0A1U8BC75
A0A1U7ZYD2,A0A1U8BAU4
A0A1U8ATQ9,A0A1U8BK21
A0A1U7ZQ71,A0A1U8A540
A0A1U7ZD29,A0A1U7Z167
,A0A1U7Z3K4
,A0A1U7ZRS3
,A0A1U8B9S9
,A0A1U7ZXJ8
,A0A1U8A2U8
,A0A1U7ZAQ4
,A0A1U8B840
,A0A1U7Z4Y6
,A0A1U7ZH71
,A0A1U7ZE97
,A0A1U7ZC87
,A0A1U7ZRD0
,A0A1U8AQA8
,A0A1U7ZAN8
,A0A1U8AHV0
,A0A1U8B625
,A0A1U8ALL2
,A0A1U7Z0C4
,A0A1U8BBK2
,A0A1U8AMH8
,A0A1U8B6A6
,A0A1U7YT21
,A0A1U8Q6H8
,A0A1U7ZWE5
,A0A1U8B5D6
,A0A1U8BFK4
,A0A1U8PYI7
,A0A1U7ZP70
,A0A1U8A4R0
,A0A1U8A6B4
,A0A1U8ACT4
,A0A1U8B1X8
,A0A1U8ATY9
,A0A1U8B7A6
,A0A1U8BAV9
,A0A1U8BD31
,A0A1U7ZQ05
,A0A1U7ZKY2
,A0A1U7ZTL4
,A0A1U7ZLU2
,A0A1U8B3B7
,A0A1U8AAY3
,A0A1U8BBP5
,A0A1U8A5W6
,A0A1U8AXC8
,A0A1U7ZST0
,A0A1U8BD50
,A0A1U8A7A2
,A0A1U8ANN6
,A0A1U8B2Z7
,A0A1U8B1Y4
,A0A1U8AR66
,A0A1U8BDS6
,A0A1U8ATK6
,A0A1U7ZLW5
,A0A1U8BAI4
,A0A1U8ASJ6
,A0A1U8APX3
,A0A1U7ZLF0
,A0A1U8B913
,A0A1U8BBZ0
,A0A1U8BAT5
,A0A1U7ZG65
,A0A1U7ZR86
,A0A1U7ZUM7
,A0A1U7YQM9
,A0A1U8B4Q2
,A0A1U7ZTD9
,A0A1U7ZTZ9
,A0A1U7ZKM7
,A0A1U8BDR5
,A0A1U7ZWZ5
,A0A1U8BEZ7
,A0A1U8ABG8
,A0A1U8AT56
,A0A1U7Z463
,A0A1U7ZD11
,A0A1U7ZDV9
,A0A1U8A086
,D3WCA0
,A0A1U8B4B8
,A0A1U8Q6Q0
,A0A1U7YVF5
,A0A1U8Q610
,A0A1U7ZQR9
,A0A1U8AP30
,A0A1U8B392
,A0A1U8Q685
,A0A1U8B073
,A0A1U8BL93
,A0A1U7Z411
,A0A1U8A525
,A0A1U7YXJ6
,A0A1U8B0A3
,A0A1U8AX41
,A0A1U8B1U8
,A0A1U8ALQ5
,A0A1U7ZNF2
,A0A1U8A2F0
,A0A1U8AIA8
,A0A1U7ZA44
,A0A1U8AQ32
,A0A1U8QBH9
,A0A1U8AUJ2
,A0A1U8AZY8
,A0A1U8BK98
,A0A1U8BKH5
,A0A1U8A3P7
,A0A1U7ZDP9
,A0A1U7ZNB4
,A0A1U8AMJ6
,A0A1U8AMU2
,A0A1U7Z6J9
,A0A1U8A294
,A0A1U7YZX0
,A0A1U8B7Q1
,A0A1U8A6R8
,A0A1U8B8R0
,A0A1U7ZY95
,A0A1U8BP11
,A0A1U8AUE0
,A0A1U8BJH4
,A0A1U8BCK5
,A0A1U8AHV3
,A0A1U8AHN0
,A0A1U8A3R2
,A0A1U7ZYF1
,A0A1U7Z698
,A0A1U7Z555
,A0A1U7YVS8
,A0A1U8BDR2
,A0A1U7YR69
,A0A1U7YW63
,A0A1U8ATI1
,A0A1U7ZYD2
,A0A1U8ATQ9
,A0A1U7ZQ71
,A0A1U7ZD29
